probeID	logFC	AveExpr	t	P.Value	adj.P.Val	B
AT3G11480	5.2392618	9.899937149	19.19306464	3.78E-32	9.06E-28	62.030518
AT1G01150	-0.131282636	8.205734238	-1.089537512	0.279092869	0.427183326	-6.265653684
AT1G01260	0.7295201	10.28269583	4.836845418	6.05E-06	4.80E-05	3.437485303
AT1G01490	0.574255823	12.6437134	4.06963233	0.000107414	0.000591577	0.690709002
AT1G01560	0.963578115	11.22113968	4.773104529	7.76E-06	5.97E-05	3.198702255
AT1G02220	1.841045557	9.649813342	7.579325912	4.61E-11	1.94E-09	14.88717024
AT1G02360	1.313585413	10.42706126	3.713217202	0.000371017	0.001732859	-0.47961552
AT1G02450	0.372351407	10.27494243	0.885282188	0.378580434	0.531806209	-6.465152638
AT1G02750	0.884558635	9.570643867	7.597590986	4.25E-11	1.82E-09	14.9682349
AT1G02810	0.052184946	8.58641769	0.421743353	0.674310539	0.786089028	-6.766644778
AT1G02850	0.419219856	9.342702089	2.675494949	0.008998927	0.026837015	-3.421186616
AT1G02890	0.123755745	9.054368261	1.244402514	0.216879229	0.355057542	-6.087713654
AT1G03370	-0.164983882	10.69132431	-1.244152842	0.216970615	0.355158645	-6.088018866
AT1G03380	-0.366459388	10.28350394	-2.009234369	0.047785724	0.109106981	-4.883261783
AT1G03740	0.11254616	11.52509995	0.395886947	0.693211575	0.80033972	-6.777205478
AT1G03910	0.129519618	11.20759097	1.050096699	0.296743538	0.446811304	-6.307310435
AT1G03970	0.145856413	9.548054142	1.294141453	0.199231719	0.333732618	-6.025736024
AT1G04370	0.347302305	8.067051629	2.31182748	0.023283644	0.060135534	-4.264386214
AT1G04710	-0.144290234	10.13304947	-1.151204861	0.252977306	0.397828886	-6.197535538
AT1G04970	0.292356064	9.807907988	1.897450067	0.061270885	0.133149765	-5.092074168
AT1G05080	-0.151885208	8.471848432	-0.459697094	0.646944178	0.765200046	-6.749938873
AT1G05610	0.042135895	8.144487023	0.39268949	0.695562783	0.80216073	-6.778465212
AT1G05840	0.646729291	9.511568925	3.890434987	0.000202001	0.001022112	0.093108334
AT1G06160	-0.129770176	8.002524999	-0.986958619	0.326552007	0.479380186	-6.370880742
AT1G06290	0.752850053	12.26444504	2.787879094	0.006585498	0.020541339	-3.139649652
AT1G07040	1.518784543	11.21149193	7.04710093	5.09E-10	1.47E-08	12.54132765
AT1G07230	-0.03855885	12.07213759	-0.225812802	0.821906142	0.889024607	-6.830065097
AT1G07530	0.127712382	11.19132679	0.894829684	0.373484406	0.526669911	-6.456727169
AT1G07630	0.711345995	11.12562202	3.886907782	0.000204494	0.001032981	0.081529
AT1G07880	-0.175790501	9.641583085	-1.933446271	0.05661496	0.125234089	-5.026022301
AT1G08760	0.317357812	10.52822245	2.177027106	0.032339281	0.079018556	-4.549623352
AT1G08985	-0.023719824	8.143415227	-0.199079321	0.842691082	0.902408774	-6.835747745
AT1G09415	-0.251434723	9.356940994	-1.450632008	0.150678299	0.270629424	-5.81560063
AT1G10070	0.727542155	9.133613104	2.749371774	0.007336149	0.022498662	-3.237199517
AT1G10170	1.037801303	9.472812176	5.059671893	2.51E-06	2.23E-05	4.285660655
AT1G10210	0.31225954	10.15524908	2.652181644	0.009590792	0.028271199	-3.478376335
AT1G10320	-0.480652733	9.190663395	-2.933350904	0.004341336	0.014447417	-2.761105004
AT1G10360	-0.6273291	8.434364877	-4.272990855	5.14E-05	0.000312307	1.390218524
AT1G11340	-0.715745985	8.933047084	-5.524633486	3.76E-07	4.30E-06	6.11683571
AT1G12950	0.363938729	8.594122136	2.899005569	0.004796175	0.015761962	-2.85189281
AT1G13195	0.762757967	9.911202838	7.321357165	1.48E-10	5.20E-09	13.7459075
AT1G13210	-0.009317877	13.32474992	-0.037523417	0.970158423	0.982222901	-6.8548767
AT1G13260	-0.391224218	9.940745265	-2.163553494	0.033394669	0.081180673	-4.577297836
AT1G13280	0.142496555	11.82019821	0.443597286	0.658496321	0.773862294	-6.757200303
AT1G13470	-0.472701243	10.0576864	-1.574044982	0.119308776	0.225558599	-5.633857516
AT1G13960	0.828863908	11.64204738	6.438492204	7.57E-09	1.45E-07	9.910555423
AT1G14370	0.779311754	10.67543478	5.790031844	1.24E-07	1.62E-06	7.194820109
AT1G14540	2.033014408	9.748085388	4.514149696	2.10E-05	0.000141484	2.247361036
AT1G14780	-0.729052656	9.99666851	-4.023882116	0.000126406	0.000681614	0.536422573
AT1G15380	3.582411623	10.61200777	8.121910126	3.89E-12	2.36E-10	17.30664882
AT1G15600	0.19424895	8.160622401	1.937745552	0.056079451	0.124141159	-5.018057511
AT1G15740	-0.144252635	11.60117353	-0.692501528	0.490569334	0.636895332	-6.616236109
AT1G16090	0.81248635	11.36384891	5.439275625	5.36E-07	5.83E-06	5.774926581
AT1G16850	0.48950397	12.45286974	1.163820903	0.247855269	0.392164877	-6.183152341
AT1G16970	0.072287315	8.580430672	0.580904068	0.562890519	0.698489077	-6.68701571
AT1G17180	0.245224215	10.52108062	1.742019266	0.085236243	0.173350331	-5.364158436
AT1G17190	-0.241583802	8.339450422	-1.691901277	0.09444317	0.18788321	-5.447297437
AT1G17250	-0.565395245	8.595863408	-4.299818347	4.66E-05	0.000286756	1.484124946
AT1G17345	-0.294045721	8.887336914	-1.974979319	0.051618859	0.116132745	-4.948405036
AT1G17380	0.45578333	8.182366293	3.65969998	0.000444291	0.002035436	-0.648860158
AT1G17420	1.117972371	11.2567087	3.709270861	0.000376001	0.001754088	-0.492155288
AT1G17460	-0.025771069	8.570591036	-0.248616102	0.804276309	0.877448042	-6.824653488
AT1G18300	1.366944052	10.50598826	3.846319076	0.000235379	0.001169285	-0.051197735
AT1G18350	0.717408352	8.335759972	3.309862778	0.001386147	0.00543087	-1.710589895
AT1G18390	0.514439609	10.02136346	1.889736404	0.062309555	0.135027503	-5.10608074
AT1G18470	0.16900068	10.50925667	1.312846038	0.192879263	0.325676923	-6.001825804
AT1G18640	-0.362297873	9.662165121	-2.613740555	0.010644278	0.03094663	-3.571755304
AT1G18740	0.379636982	13.17520632	1.48456767	0.141473684	0.25771717	-5.767024654
AT1G19180	2.223556293	12.82109441	5.670812241	2.04E-07	2.51E-06	6.707880174
AT1G19210	0.276498357	8.482167573	1.196670091	0.234866684	0.377028574	-6.144990991
AT1G19250	1.603387357	9.870623211	2.570318039	0.011959472	0.034149836	-3.67584711
AT1G19640	2.879786017	11.75572766	9.658049775	3.38E-15	7.31E-13	24.20427255
AT1G19670	1.476511153	12.76829844	2.470124327	0.015569975	0.042767482	-3.910348386
AT1G20310	0.494244045	8.69800942	3.44094005	0.000912645	0.003799886	-1.322055291
AT1G20330	-0.047820291	9.969600731	-0.307364439	0.759341438	0.846678082	-6.80831932
AT1G20440	0.838207045	13.473829	1.859483298	0.066527457	0.142239297	-5.160509674
AT1G20480	-0.092761923	8.048956505	-0.76522789	0.446321956	0.597105054	-6.5635133
AT1G20500	-0.463162866	8.519913983	-4.280956421	5.00E-05	0.000304153	1.41806233
AT1G20510	0.935212175	13.27327861	3.847482517	0.000234434	0.001165802	-0.047406621
AT1G20620	-0.499845897	15.55971522	-2.42945414	0.017295166	0.046719358	-4.003248577
AT1G20630	0.958931695	12.13233992	3.773317105	0.000302465	0.001450841	-0.287480535
AT1G21000	1.60549568	12.19617257	6.787215677	1.62E-09	3.85E-08	11.40996285
AT1G21200	0.207327372	9.738387492	2.085445849	0.040122979	0.094443623	-4.734701078
AT1G21670	-0.17414314	12.18869387	-0.638726098	0.524772465	0.666748723	-6.651875993
AT1G21910	-0.549332295	9.179616046	-1.927807549	0.057323872	0.126533699	-5.036444053
AT1G22070	-0.499754073	12.22071143	-2.561857522	0.012232192	0.034824198	-3.695956192
AT1G22190	0.227746775	10.93268464	0.747499853	0.456889664	0.607421865	-6.57684365
AT1G22570	1.953272687	10.70426566	5.02212665	2.91E-06	2.53E-05	4.14132709
AT1G22650	-0.05580855	8.80277858	-0.402177944	0.688594362	0.796927889	-6.774697244
AT1G22680	-0.120576999	8.439000925	-1.362948396	0.176611585	0.304961548	-5.936161326
AT1G22810	0.321978481	8.644543233	1.054862627	0.294571157	0.44440557	-6.302356086
AT1G22930	0.68170182	11.30544632	2.263413054	0.026239214	0.066524844	-4.368570966
AT1G22985	0.120117837	8.670190935	1.12898035	0.26218205	0.408630377	-6.222503798
AT1G23540	0.254241171	10.32802623	1.768417972	0.080691837	0.165938078	-5.319460856
AT1G23980	-0.203526108	8.916265373	-2.113886208	0.037548424	0.089499494	-4.677987709
AT1G24530	-0.203250716	9.386826155	-1.761893158	0.081795989	0.167800367	-5.330566465
AT1G26380	2.18536603	10.01034403	3.617854283	0.00051096	0.002295683	-0.779966084
AT1G26410	2.576495064	9.512491748	4.138511279	8.39E-05	0.000476172	0.925159352
AT1G26800	-0.600328653	11.38713482	-2.53289127	0.013208902	0.037089509	-3.764375836
AT1G26970	-0.052216151	8.24949265	-0.363516098	0.717150314	0.816808198	-6.789488792
AT1G27480	-1.902147683	10.37567485	-6.554631311	4.54E-09	9.45E-08	10.40729667
AT1G29760	1.465462582	10.53764633	7.740076481	2.22E-11	1.06E-09	15.60165521
AT1G29930	-1.833832303	15.05908671	-4.757354971	8.25E-06	6.31E-05	3.139974995
AT1G29970	1.085237462	10.404669	9.052701428	5.43E-14	6.80E-12	21.48671195
AT1G30135	2.054406548	9.349611442	8.546229017	5.56E-13	4.76E-11	19.21003885
AT1G30370	1.597336559	9.990617247	4.826971292	6.29E-06	4.95E-05	3.4003803
AT1G30380	-1.606837883	15.41299155	-5.547890537	3.42E-07	3.96E-06	6.210412556
AT1G30700	3.91640754	10.71521682	6.929650682	8.61E-10	2.27E-08	12.02870126
AT1G31360	-0.256020517	8.900556103	-2.310228001	0.02337638	0.060325655	-4.267859118
AT1G32150	-0.249021312	9.613341591	-2.46096335	0.015944531	0.04361143	-3.931390208
AT1G32450	1.063873943	9.778975711	4.619095551	1.41E-05	9.95E-05	2.629192248
AT1G32640	0.61039926	14.20437864	1.550894326	0.124759283	0.233542521	-5.669017029
AT1G32870	1.763159253	11.33566854	9.866076058	1.31E-15	3.33E-13	25.13531587
AT1G33350	-0.076706977	8.457444098	-0.830549236	0.408628202	0.561723194	-6.511740583
AT1G33760	-0.187472971	8.353725602	-1.201707758	0.232918996	0.374739952	-6.139047946
AT1G34750	0.622909773	12.03635713	3.22870806	0.001786205	0.006757532	-1.945375346
AT1G35210	1.134823237	10.07154238	4.574399484	1.67E-05	0.000116014	2.46593865
AT1G35515	0.171312405	8.065467848	1.380094352	0.171290369	0.297659851	-5.913149991
AT1G36980	0.093129215	11.04022874	0.57714318	0.565416187	0.700476369	-6.689186871
AT1G43160	2.653825813	11.7365235	4.534988816	1.94E-05	0.000132171	2.322767516
AT1G45249	-0.038855373	10.73495771	-0.288938539	0.773354038	0.856329486	-6.813813208
AT1G46768	0.036689729	7.763971227	0.269305643	0.788367659	0.866118592	-6.819294099
AT1G47890	0.104796783	8.468272535	0.498893152	0.619183854	0.744299725	-6.731184216
AT1G48050	0.19850145	9.040692282	1.680457146	0.096655566	0.191205589	-5.465964662
AT1G48500	-0.350895871	8.522148387	-1.414663118	0.160934865	0.283841128	-5.865921777
AT1G49760	0.051113705	9.976985263	0.537373259	0.592457978	0.722571479	-6.711289592
AT1G49950	-0.001758273	10.02351442	-0.01332977	0.989396916	0.993707653	-6.855492548
AT1G50090	-0.234715523	8.074685583	-2.015126095	0.04715161	0.107832938	-4.871955119
AT1G50990	0.018846909	7.945312551	0.146881192	0.883584553	0.929652245	-6.844783749
AT1G51270	-0.478814225	8.534647159	-4.112093523	9.23E-05	0.000518254	0.834933547
AT1G51620	0.991401413	11.5205967	3.300288259	0.001428539	0.005575093	-1.73852174
AT1G51920	0.550705087	8.768312713	2.256156549	0.026709552	0.067460472	-4.384019158
AT1G52080	0.651754266	9.151095251	4.478822817	2.39E-05	0.000159226	2.120006262
AT1G52340	0.86969603	10.69518933	3.282378184	0.001511123	0.005864927	-1.790604925
AT1G52490	-0.019992586	8.18266574	-0.198105933	0.843450084	0.90279804	-6.835941177
AT1G52810	-0.155867025	8.07157667	-1.574301609	0.119249439	0.225464199	-5.633465021
AT1G52890	3.629909415	12.37403878	6.498320939	5.82E-09	1.17E-07	10.1661049
AT1G53650	0.122497985	8.929972933	1.524740009	0.131152831	0.242856103	-5.708147188
AT1G53820	0.419590647	8.771629968	4.022029692	0.000127239	0.000685336	0.530199984
AT1G54210	0.2734476	10.44154418	1.744108911	0.084869002	0.172867412	-5.360643032
AT1G54290	0.5860743	12.14096178	3.376960148	0.001120607	0.004522039	-1.513123477
AT1G54450	-0.356997285	8.221978059	-3.062939156	0.002960489	0.010428264	-2.41082917
AT1G55020	0.802163442	10.81747273	4.180756447	7.20E-05	0.000417853	1.070221243
AT1G55550	-0.074109223	8.549164443	-0.702679081	0.484236088	0.631236799	-6.609170549
AT1G55680	0.321428625	14.44884498	2.26142034	0.026367643	0.066793942	-4.372817561
AT1G55920	0.098672987	8.662258653	0.829785803	0.409057297	0.562103567	-6.512369753
AT1G56060	0.512799936	10.60117427	1.214896871	0.227875078	0.368753096	-6.12337437
AT1G56660	1.008991298	11.53436646	2.629159452	0.010209734	0.029865864	-3.53443864
AT1G57770	-1.037279903	10.97936037	-4.07019023	0.0001072	0.000590535	0.692597578
AT1G57800	0.015044646	8.163165667	0.106519268	0.915429259	0.94977717	-6.84990233
AT1G58100	0.295648156	10.20873541	2.640778441	0.009892974	0.029047663	-3.506196198
AT1G58180	-0.454663615	10.90596615	-2.095771523	0.039171138	0.092667148	-4.714190202
AT1G59580	-0.227741295	9.716007475	-2.229619536	0.028493288	0.071133821	-4.440139978
AT1G59590	1.021037353	10.33294824	2.65290734	0.009571848	0.02822924	-3.476602476
AT1G60190	1.169134793	11.04702346	1.919796983	0.05834389	0.128289134	-5.05120178
AT1G60410	-0.001836539	8.096344591	-0.018731509	0.985100572	0.991715964	-6.855405858
AT1G60420	1.220942813	12.53179884	6.144277021	2.72E-08	4.35E-07	8.665371811
AT1G60550	-1.280865786	10.05712128	-6.28676773	1.47E-08	2.57E-07	9.265944075
AT1G61210	0.043530783	10.55222544	0.157099645	0.875550598	0.924607966	-6.843229337
AT1G61490	-0.008027939	8.171694597	-0.044607112	0.964528391	0.97937503	-6.854585486
AT1G61660	-0.439479235	10.90957268	-3.360230352	0.001181928	0.00472574	-1.562639775
AT1G62300	2.067034598	10.90386098	6.057994376	3.95E-08	6.01E-07	8.304122543
AT1G62422	0.907826652	11.59135999	4.582299805	1.62E-05	0.000113003	2.494726968
AT1G63190	-0.189752943	8.013312899	-1.34932635	0.180927855	0.310335866	-5.954247318
AT1G63530	0.433455544	8.600234187	3.152105696	0.002260791	0.008273575	-2.162848773
AT1G64280	0.005360849	9.852203226	0.05376789	0.95725023	0.975668703	-6.854134397
AT1G65370	-0.22698261	8.79395464	-1.433588175	0.155473322	0.276887897	-5.839595017
AT1G65390	0.652422576	10.62988991	1.032885034	0.304679558	0.455687776	-6.325020673
AT1G66090	1.66147242	11.44580794	4.410704517	3.09E-05	0.000200001	1.876149715
AT1G66400	0.105652026	7.675197525	0.819474369	0.414879658	0.56813417	-6.520811998
AT1G66880	0.172525303	12.58663497	0.582374563	0.561904501	0.697767456	-6.68616299
AT1G67560	0.085811857	10.57488296	0.454311523	0.650799048	0.767714234	-6.752396572
AT1G67880	0.255583909	9.164052188	1.935522668	0.05635579	0.124718333	-5.022177609
AT1G67980	0.42300928	8.891264669	1.774394584	0.079691297	0.164388157	-5.309254964
AT1G68330	-0.223597306	8.082863316	-1.639202967	0.104983499	0.204029249	-5.53227439
AT1G68450	1.014725948	9.460867943	5.051607468	2.59E-06	2.29E-05	4.254611677
AT1G68620	2.850023324	9.66277247	7.422055183	9.41E-11	3.57E-09	14.19054331
AT1G68765	0.920256737	9.241412956	3.853199285	0.000229847	0.001144937	-0.028766816
AT1G68795	0.009949372	8.797614143	0.065213083	0.948162291	0.970011213	-6.853452781
AT1G68820	0.825203557	10.1134067	4.413063233	3.06E-05	0.000198725	1.884555566
AT1G68840	0.5482317	11.04016432	1.25896929	0.211596191	0.348766386	-6.069804411
AT1G69170	0.022025538	9.467725058	0.222632525	0.824372414	0.890970347	-6.830778548
AT1G69220	0.009515181	9.76504626	0.092071089	0.926865019	0.956714974	-6.851338402
AT1G69740	0.094304405	11.69373114	0.66459771	0.508163394	0.651934992	-6.635085006
AT1G69760	0.21961949	8.80146107	2.209778291	0.029894403	0.074122289	-4.481716483
AT1G69920	0.121758694	7.927285826	0.737062032	0.463178042	0.613460791	-6.584548075
AT1G70320	-0.262328538	9.892295993	-1.448403171	0.151298747	0.271520035	-5.818753709
AT1G70700	1.299642465	14.00187475	3.430347315	0.000944353	0.003909503	-1.353874599
AT1G71400	-0.49637447	8.244892776	-3.460965098	0.000855426	0.00359348	-1.261702826
AT1G71530	0.297177464	8.641401802	1.731167643	0.087164441	0.176433664	-5.382351171
AT1G71697	0.75560855	12.00974199	2.648375794	0.009690702	0.028526546	-3.487672505
AT1G71770	0.07409748	8.566826132	0.698230909	0.486998511	0.633356966	-6.612271133
AT1G71860	0.294364755	9.208972893	2.924315313	0.004456971	0.014774612	-2.785073488
AT1G72100	-0.052435963	8.203147828	-0.504152668	0.615499416	0.741291578	-6.728551606
AT1G72260	0.329268028	10.42930397	2.400867833	0.01860795	0.049799843	-4.067747848
AT1G72450	0.893580968	12.35129831	3.031102809	0.003255695	0.011318452	-2.498003457
AT1G72520	1.76174446	12.65070719	3.932171358	0.000174627	0.000899937	0.230667911
AT1G72650	-0.250927134	9.776738388	-1.75166689	0.0835516	0.170672042	-5.347895615
AT1G72950	2.316449721	9.765739182	10.45972263	8.77E-17	3.56E-14	27.77933124
AT1G73655	-1.647816603	11.94948104	-7.140990161	3.34E-10	1.04E-08	12.95257344
AT1G73740	-0.060119	10.91898914	-0.351284523	0.72627148	0.8237016	-6.793858426
AT1G73920	-0.300013143	12.53912425	-1.016586606	0.312325604	0.464036566	-6.341528344
AT1G74080	0.550820504	8.497136164	3.320275804	0.001341385	0.005279654	-1.680141858
AT1G74410	0.357936111	9.824900888	3.197754376	0.001965491	0.007328255	-2.033741064
AT1G74590	1.154822953	9.952149789	1.968184716	0.052409543	0.117569606	-4.96120552
AT1G74930	0.107391836	8.973337826	0.39376996	0.694767939	0.801557582	-6.778040667
AT1G74950	1.237898968	14.32697653	3.209685462	0.00189448	0.007098822	-1.999758649
AT1G75040	0.40538739	13.22264625	0.493377623	0.623058129	0.747457745	-6.733915493
AT1G76160	0.31417378	13.63117114	1.193765215	0.235995106	0.378292771	-6.14840698
AT1G76180	0.584511655	13.92801423	1.976629763	0.05142834	0.115818824	-4.945289681
AT1G76220	-0.060710227	7.993668358	-0.42964337	0.668576435	0.781875681	-6.763285481
AT1G76360	0.3347672	10.40211278	1.966990544	0.052549568	0.117806559	-4.963451099
AT1G76590	1.836215063	11.65404497	6.314987625	1.30E-08	2.32E-07	9.385450246
AT1G76680	-0.600445651	10.24167912	-2.087185988	0.039961184	0.094182994	-4.731250848
AT1G76700	-0.337562611	10.34048947	-1.663846027	0.099941771	0.196297231	-5.492849677
AT1G77120	0.953164532	10.85479277	3.503607478	0.000744672	0.003189133	-1.132320375
AT1G77640	-0.477570877	8.262515957	-2.92431764	0.004456941	0.014774612	-2.785067323
AT1G77660	1.156689448	9.764354253	6.725040958	2.14E-09	4.90E-08	11.14095675
AT1G77680	0.22096768	13.30271911	0.777470784	0.439107405	0.590782924	-6.554127648
AT1G77770	1.051571039	10.38134622	7.639195762	3.51E-11	1.58E-09	15.15300293
AT1G77920	0.767935251	10.11243903	3.72687128	0.000354253	0.00166331	-0.436155813
AT1G78310	0.099170626	9.761666405	0.599387671	0.550558835	0.688862709	-6.676141895
AT1G78340	0.821736334	8.882904431	4.598134034	1.52E-05	0.00010685	2.552513877
AT1G78390	-0.292674863	8.579156552	-2.351472916	0.021086658	0.055312157	-4.177633203
AT1G78440	-0.188958364	8.186493109	-1.633861622	0.106102956	0.205652217	-5.540747038
AT1G78850	1.476747228	13.97583935	3.849714387	0.000232633	0.001157805	-0.040131774
AT1G78990	0.351379478	8.728593515	3.447469129	0.000893603	0.003728376	-1.302406282
AT1G79920	0.309828442	12.58055499	1.445025056	0.152242897	0.272887568	-5.823523862
AT1G79930	0.285071145	13.16472713	2.050255129	0.043518452	0.10098842	-4.803918966
AT1G80130	-1.093287462	9.905360134	-3.748783075	0.000328849	0.001560534	-0.366176838
AT1G80350	-0.00461538	10.82103378	-0.037844476	0.969903215	0.982222901	-6.854864588
AT1G80850	-0.178875405	8.456863582	-1.40723283	0.163119071	0.28678568	-5.876167044
AT2G01150	-0.518369287	9.62077952	-2.769966279	0.006925479	0.021442355	-3.185167542
AT2G01430	0.093899485	12.57248462	0.461238844	0.645842396	0.764500351	-6.749229992
AT2G02250	-0.324857779	10.92792423	-2.766256494	0.006997866	0.021622224	-3.194564061
AT2G02370	0.89042434	9.706648419	5.214578615	1.34E-06	1.30E-05	4.886967473
AT2G03300	0.346390217	7.929528681	2.404270797	0.018447151	0.049419152	-4.06010444
AT2G03340	-0.937950453	11.2672651	-6.746476013	1.95E-09	4.49E-08	11.23362092
AT2G03730	-0.125016213	11.29625568	-0.389826015	0.697670936	0.803390294	-6.779584726
AT2G03821	-0.169398256	8.254944977	-1.656473289	0.101429123	0.198579953	-5.504702471
AT2G04430	0.47383514	9.696336041	2.297208478	0.024143459	0.062018139	-4.296049568
AT2G06050	0.711337475	12.2423206	1.891581641	0.062059747	0.134595656	-5.102734887
AT2G06095	-0.200202009	9.392943448	-1.044219744	0.299437331	0.449596703	-6.313389668
AT2G07000	-0.12648283	8.62948466	-1.275672113	0.20565575	0.341534425	-6.049022341
AT2G07180	0.690953482	12.08199016	4.400438756	3.21E-05	0.000206688	1.839597317
AT2G14290	1.449287213	8.956752072	5.435767922	5.44E-07	5.90E-06	5.76092859
AT2G14580	0.053974824	9.039582092	0.153573485	0.878321505	0.926432301	-6.843777532
AT2G14610	0.956729258	13.25813595	0.751834055	0.454292897	0.604953416	-6.573613064
AT2G15310	0.579372117	9.168365699	2.938938551	0.004271219	0.014243735	-2.746252872
AT2G15480	0.590480433	10.55475379	1.772296701	0.080041326	0.16486904	-5.312841021
AT2G17520	0.483563525	10.45677926	3.629831707	0.000490966	0.002217903	-0.742550777
AT2G17540	-0.246049134	9.798445297	-2.60641771	0.010856463	0.031456713	-3.58941302
AT2G17570	1.281802663	10.31941751	11.17434529	3.50E-18	2.40E-15	30.92819413
AT2G18050	-0.219757797	8.061667938	-1.643791688	0.10402942	0.202566708	-5.524974912
AT2G18170	1.393214055	12.42088906	6.174821148	2.38E-08	3.89E-07	8.793699355
AT2G18660	-0.155337474	9.406264707	-0.521409174	0.603480288	0.731141926	-6.719721343
AT2G18690	1.027184692	10.68101277	4.342007705	3.99E-05	0.000250869	1.632549083
AT2G19130	-0.094965443	9.006979584	-0.47521924	0.635887918	0.756451989	-6.742694188
AT2G19350	0.699378062	11.60644384	4.991306371	3.29E-06	2.82E-05	4.023267954
AT2G20320	0.341680786	9.088725108	2.102113883	0.038596219	0.091514762	-4.701546684
AT2G20800	0.015402764	8.477715777	0.10124936	0.919598465	0.952330609	-6.850450333
AT2G20900	0.615022648	10.00940772	4.695816662	1.05E-05	7.71E-05	2.91156394
AT2G20960	0.465210985	10.62868135	1.749515832	0.083924815	0.171322676	-5.351528833
AT2G21820	0.417673901	8.807431251	3.960838473	0.000157923	0.000825745	0.325730255
AT2G22300	0.382197937	11.18953397	1.639915067	0.104834978	0.203853821	-5.531142873
AT2G23350	0.264974533	11.91768358	1.591691072	0.115283216	0.219349192	-5.606728786
AT2G23680	0.269006103	11.52352906	1.356978881	0.178493365	0.307369626	-5.944108425
AT2G23770	-0.110154797	8.472087	-0.776077327	0.439925092	0.591548164	-6.555203304
AT2G24420	-0.37387227	9.141575207	-2.464286307	0.015807746	0.043324813	-3.923765497
AT2G24850	2.48417121	14.47926672	4.09074382	9.96E-05	0.000553525	0.762293594
AT2G25460	2.38510929	9.88508837	9.088701721	4.60E-14	6.13E-12	21.64853817
AT2G25737	0.999988512	9.915017767	5.461653704	4.89E-07	5.39E-06	5.864327819
AT2G25910	0.069162347	11.59973818	0.592409281	0.555198656	0.692561142	-6.680286925
AT2G26190	-0.326261521	9.168878441	-1.757461168	0.082553081	0.169026182	-5.338088273
AT2G26280	-0.69687123	11.91592003	-4.599634591	1.51E-05	0.000106334	2.557996214
AT2G26690	-0.36168891	13.69754766	-2.340036142	0.021700752	0.056703414	-4.202791769
AT2G26860	-0.051511926	8.548597182	-0.50391507	0.615665648	0.741388578	-6.728671126
AT2G27050	0.102476524	11.39884239	0.764905867	0.446512642	0.597260173	-6.563758188
AT2G27380	-0.111800013	10.64358299	-0.835182026	0.40603015	0.559177923	-6.50791035
AT2G27660	0.149456047	9.347601785	1.011289985	0.314837881	0.466716286	-6.346837858
AT2G28630	-0.650705678	8.84830998	-3.407691136	0.001015695	0.004157464	-1.421684717
AT2G29060	0.168697555	8.350939059	1.912434003	0.059294949	0.129891914	-5.064716957
AT2G29420	0.593638395	11.39073602	2.0324602	0.045327611	0.104508958	-4.838516051
AT2G29470	1.4469049	8.807442797	6.581209148	4.04E-09	8.50E-08	10.52135624
AT2G29490	1.920814325	11.66676132	6.551822428	4.60E-09	9.55E-08	10.39525042
AT2G29630	-2.178672834	12.59658329	-6.561612825	4.41E-09	9.20E-08	10.43724455
AT2G29670	1.035610803	11.46423222	4.230004305	6.02E-05	0.000357041	1.240526406
AT2G30250	0.292912148	11.41846137	1.221714256	0.225299185	0.365457444	-6.115208096
AT2G30720	1.536619023	11.17261613	5.339305956	8.08E-07	8.37E-06	5.37764799
AT2G31680	0.258118376	10.52598676	2.761214275	0.007097361	0.021875586	-3.207318779
AT2G31945	1.386036347	8.932303976	4.90502535	4.63E-06	3.79E-05	3.694824985
AT2G31990	0.314920066	10.19153007	1.593600568	0.114854206	0.218758619	-5.603776121
AT2G32020	0.646081747	8.636954412	4.60602703	1.48E-05	0.000104122	2.581362948
AT2G32150	2.373665255	14.55012166	5.347258672	7.82E-07	8.14E-06	5.409124166
AT2G32510	0.521127092	10.7319742	1.231963817	0.221466424	0.360758367	-6.102847666
AT2G33150	0.62118162	10.40101583	2.369651581	0.020142258	0.05317006	-4.137423684
AT2G33480	0.143883453	10.10104217	0.741016152	0.460790077	0.611140812	-6.581642013
AT2G33710	1.351896883	9.533803528	5.495283442	4.25E-07	4.78E-06	5.998996947
AT2G34330	0.593222794	8.481193851	1.662330724	0.100246008	0.196798051	-5.495289772
AT2G34340	-0.019104736	8.494846626	-0.189508285	0.850160469	0.906943759	-6.837608567
AT2G34600	1.481721771	10.12929533	5.282395953	1.02E-06	1.02E-05	5.153061681
AT2G34930	-0.02314396	11.41423618	-0.053405266	0.957538267	0.97584126	-6.85415385
AT2G34990	-0.118750047	8.402790093	-0.900258693	0.370606018	0.523812562	-6.451896658
AT2G35290	1.159356402	9.756865101	3.22952149	0.001781707	0.006745837	-1.943044308
AT2G35300	0.360218488	8.276059686	2.949319455	0.004143723	0.013895875	-2.718599528
AT2G35530	0.135417233	10.99266748	1.083202655	0.281877787	0.430264743	-6.27244508
AT2G35680	0.055648175	13.09066619	0.351512789	0.726100893	0.823621123	-6.793778245
AT2G35690	-0.042859103	8.981745858	-0.474530287	0.636376928	0.756883488	-6.743020819
AT2G35930	1.09339889	11.26351763	2.854267195	0.005454517	0.01758088	-2.968847799
AT2G35980	2.228590229	10.81741614	3.78759356	0.000288055	0.001390902	-0.241521067
AT2G36870	-1.276538964	11.09895587	-3.46887556	0.000833771	0.003516106	-1.237790171
AT2G36950	2.290460473	11.4135635	7.953079946	8.41E-12	4.65E-10	16.55159202
AT2G37430	1.198610824	9.398572511	3.713071693	0.0003712	0.001733037	-0.480078052
AT2G37530	0.366828661	9.113274019	3.406998517	0.001017954	0.004164578	-1.423752429
AT2G38250	1.493456191	9.62770068	9.231501001	2.39E-14	3.60E-12	22.29027165
AT2G38340	1.678744503	9.716823386	8.017408326	6.27E-12	3.60E-10	16.83909025
AT2G38410	0.463013303	10.78524802	3.207134191	0.00190946	0.007147134	-2.007033493
AT2G39030	2.141986175	14.48226013	3.435331049	0.000929308	0.003858542	-1.33891318
AT2G39050	1.115856375	11.18354719	4.507057667	2.15E-05	0.00014504	2.221745834
AT2G39480	-0.083882514	9.184899741	-0.934919467	0.352561441	0.505581289	-6.420382207
AT2G39810	-0.055336881	8.75318036	-0.3641513	0.716677746	0.816695136	-6.789257799
AT2G39940	0.127082722	11.48646311	0.858108751	0.393321441	0.54644693	-6.488647155
AT2G40110	0.050057908	8.47205941	0.313145465	0.754961344	0.843752154	-6.806525829
AT2G40180	0.093882164	8.631020024	0.797048524	0.427713409	0.580232677	-6.538814013
AT2G41670	0.034818955	9.57646196	0.266828183	0.790268047	0.867724016	-6.819958385
AT2G42540	-0.359880875	14.49368354	-0.521116375	0.603683324	0.731277045	-6.719873632
AT2G42890	2.111484255	11.67679669	7.752905729	2.10E-11	1.01E-09	15.65877296
AT2G43000	-0.041938835	10.58408186	-0.272213341	0.786138883	0.864615726	-6.818506635
AT2G43050	-0.012214301	8.524813037	-0.103242593	0.918021279	0.95110813	-6.85024633
AT2G43445	-0.361759603	8.236428463	-2.490860208	0.014751134	0.040803471	-3.86247195
AT2G43570	2.676243058	12.95238392	3.346319973	0.001235304	0.00490805	-1.603669644
AT2G43590	1.937033542	9.020165461	10.31004954	1.73E-16	6.38E-14	27.11479607
AT2G43790	0.28985846	11.46647812	2.712270676	0.008132527	0.024589382	-3.330120721
AT2G43970	-0.260563113	14.58789301	-1.287802641	0.201419452	0.336569375	-6.033764281
AT2G44580	-0.04109974	7.981275006	-0.32193895	0.748314209	0.839030704	-6.803733842
AT2G44840	1.280227697	10.74112895	2.591199055	0.011309725	0.032613951	-3.625975911
AT2G45210	1.74740998	10.30530419	7.711560096	2.53E-11	1.18E-09	15.47474449
AT2G45640	0.137443398	12.49772253	0.923006608	0.358698473	0.511846503	-6.431345179
AT2G46070	0.432102673	10.21625901	4.172304157	7.43E-05	0.000428653	1.041121341
AT2G46270	0.357634268	9.86736702	3.239977964	0.001724819	0.006559454	-1.913038935
AT2G46510	2.169363808	12.05690593	8.762168919	2.06E-13	2.08E-11	20.18052107
AT2G46660	-0.094676094	8.251989492	-0.849757974	0.397921763	0.551178097	-6.495722877
AT2G46750	-0.14332902	7.76613397	-1.023465965	0.30908274	0.460449028	-6.334591875
AT2G47000	1.774227673	9.342345975	7.363349088	1.23E-10	4.38E-09	13.93118306
AT2G47190	2.48104863	12.24962165	5.867075026	8.92E-08	1.22E-06	7.511720399
AT2G47260	-0.001457569	9.132175682	-0.01086488	0.991357511	0.994926531	-6.8555224
AT2G47530	-0.061730875	8.193014586	-0.67381069	0.502317348	0.64699705	-6.628946438
AT2G47880	0.011385446	8.107717817	0.109208749	0.913302423	0.94826818	-6.849611947
AT2G47940	-0.944033094	10.64259849	-4.196432945	6.80E-05	0.000397037	1.124293469
AT3G01290	0.996620073	13.13118388	3.487780626	0.000784095	0.003335325	-1.180477878
AT3G01350	-0.103252471	9.929159	-1.05502028	0.294499483	0.444325399	-6.302191828
AT3G02000	0.043839948	8.553613233	0.409415559	0.683296976	0.793017462	-6.77176287
AT3G02300	-0.291773235	11.38199444	-2.192881618	0.031134763	0.076501467	-4.516862826
AT3G02340	0.691672285	12.00561512	4.388301724	3.36E-05	0.000215381	1.796449597
AT3G02800	0.895845318	9.814027547	3.752520687	0.000324692	0.001543254	-0.354211257
AT3G04060	2.536054365	11.17943879	9.25536191	2.14E-14	3.34E-12	22.39746792
AT3G04140	-1.23565869	10.40909878	-4.674720467	1.14E-05	8.26E-05	2.833652236
AT3G04220	0.305459858	9.278487355	1.412999888	0.161421823	0.284616223	-5.868219587
AT3G04350	1.331688403	11.95754068	7.723040336	2.40E-11	1.13E-09	15.52582859
AT3G04720	2.230310071	12.4829342	3.634340632	0.000483633	0.002190557	-0.72844261
AT3G05670	0.026733263	11.43717417	0.164884411	0.869438765	0.920424135	-6.841975042
AT3G05820	-0.093885524	7.777835701	-0.659409019	0.511471779	0.655022672	-6.638505409
AT3G06160	-0.220244704	8.130258786	-1.337141608	0.184855856	0.315250627	-5.970277778
AT3G06420	2.65140518	11.59708443	12.71522743	3.97E-21	7.94E-18	37.5467096
AT3G06860	1.32290668	12.87072941	2.587636979	0.011418256	0.03286999	-3.634507616
AT3G07150	-0.101141784	8.002775766	-0.724586879	0.470757868	0.619732531	-6.59361605
AT3G07600	0.022649519	8.645788931	0.118783732	0.905735784	0.94351741	-6.848519382
AT3G07740	0.256477723	9.555799716	2.515930268	0.013812879	0.038577581	-3.804130119
AT3G08760	1.482182753	11.66017442	5.895504428	7.91E-08	1.10E-06	7.629085032
AT3G09020	0.998266723	10.72783586	3.666595489	0.000434131	0.001993462	-0.6271521
AT3G09520	1.282321332	10.04622467	3.945148186	0.000166866	0.000867023	0.273642061
AT3G09560	0.416940717	10.60181594	2.735451495	0.007626203	0.023257931	-3.272186505
AT3G10500	1.194925423	10.64940194	5.451151079	5.10E-07	5.59E-06	5.822348323
AT3G10510	-0.052046356	7.898241976	-0.318707139	0.750755003	0.841016796	-6.804768927
AT3G10800	1.08936997	11.82250907	6.331198088	1.21E-08	2.19E-07	9.454180324
AT3G11030	-0.052875271	9.060172149	-0.630409099	0.530171335	0.671119256	-6.65713365
AT3G11120	0.02741015	10.46814966	0.182460603	0.855669399	0.910944668	-6.838920243
AT3G11530	0.246879665	10.52260861	2.613017685	0.010665055	0.030992004	-3.573500237
AT3G12250	0.447117768	10.40888007	3.989254986	0.000142882	0.000759019	0.420421747
AT3G12500	0.579554946	8.424590757	4.349242776	3.88E-05	0.000244943	1.658093213
AT3G13100	0.585851857	8.803438622	3.311279851	0.001379974	0.005410222	-1.706450608
AT3G13600	0.13559301	8.600911178	1.181108221	0.240957387	0.384345469	-6.163197374
AT3G14010	0.249539353	9.966673606	1.579174849	0.118127112	0.223818808	-5.62600029
AT3G14200	-0.251453632	10.34029585	-1.143571611	0.256112582	0.401625003	-6.206164307
AT3G14930	-0.962723445	11.9886547	-4.953285815	3.83E-06	3.22E-05	3.878158746
AT3G15060	1.07621218	11.3110906	6.75066198	1.91E-09	4.43E-08	11.25172647
AT3G15290	0.085337793	11.04934317	0.522398462	0.602794517	0.730532593	-6.719206171
AT3G15500	4.059352567	10.81827045	8.314714302	1.61E-12	1.12E-10	18.17070285
AT3G15580	0.016918162	12.51968498	0.079962585	0.936460888	0.963142724	-6.852381013
AT3G16470	1.337976203	12.93932376	2.853224793	0.005470802	0.017628631	-2.971555139
AT3G16770	0.369251362	10.87745854	1.451351952	0.150478309	0.270351243	-5.814581159
AT3G16910	0.125475098	11.35038344	0.424096818	0.672600278	0.784667595	-6.765650513
AT3G17130	-0.623015442	8.949784469	-3.372511115	0.001136615	0.004575855	-1.526309694
AT3G17410	0.712996753	13.8019903	3.978907147	0.000148193	0.000783059	0.385887148
AT3G17740	0.012748085	8.963651	0.162294241	0.87147145	0.921639973	-6.842399103
AT3G17860	0.8858779	10.93384413	3.55510659	0.000628971	0.002748123	-0.974511477
AT3G18360	0.029918244	8.407006324	0.292351157	0.770752959	0.854317418	-6.812821261
AT3G18490	-1.5280138	12.16263303	-5.894993031	7.92E-08	1.10E-06	7.626971844
AT3G18690	0.629677636	10.13150762	5.224633534	1.29E-06	1.25E-05	4.926312779
AT3G19310	-0.121301954	8.723791511	-0.993141189	0.323548474	0.476107975	-6.364825626
AT3G19350	-0.121229303	8.110955631	-0.748248419	0.456440567	0.607118628	-6.576287007
AT3G19660	0.761471245	9.252311693	4.700325154	1.03E-05	7.59E-05	2.928240589
AT3G19970	1.623510517	10.35046897	4.200776604	6.70E-05	0.000391678	1.139298897
AT3G21220	0.715751037	12.77983644	4.75698905	8.26E-06	6.31E-05	3.13861184
AT3G21780	0.359754488	9.312766764	1.553419776	0.124155257	0.232684344	-5.665205412
AT3G22400	0.223668726	8.683198596	1.297205744	0.198180491	0.332762228	-6.021841461
AT3G22740	-0.447625503	9.99342978	-1.352355333	0.179961263	0.309253195	-5.950240751
AT3G22800	0.258549335	11.11793713	1.790435819	0.077056516	0.160082575	-5.281704853
AT3G22910	1.02341478	9.078910102	3.254627061	0.001647976	0.006304225	-1.870876902
AT3G23190	0.076398738	8.115004203	0.680500987	0.498094865	0.643355762	-6.624436342
AT3G23220	0.375979746	9.638480439	2.926537594	0.00442827	0.01469389	-2.779184049
AT3G23230	-0.109971584	9.016523993	-0.899070089	0.371234998	0.524268841	-6.452956678
AT3G23240	1.108776772	8.749993504	8.43368578	9.31E-13	7.20E-11	18.70460334
AT3G23430	0.023845059	8.269497517	0.211033211	0.833382357	0.896626273	-6.833295036
AT3G23610	-0.125230014	8.44860488	-1.046774147	0.298264446	0.44825676	-6.310751426
AT3G25420	0.194405983	7.947235163	1.577464161	0.118520125	0.224377219	-5.62862316
AT3G25655	0.433366867	7.984234583	2.633031833	0.010103157	0.029592313	-3.525037651
AT3G25730	-0.037530094	10.22548703	-0.22960827	0.818965142	0.88696559	-6.829200407
AT3G25760	0.753263772	14.06628022	1.393848729	0.167110786	0.292111847	-5.894492032
AT3G25770	0.458124278	14.91958186	1.211228128	0.229270094	0.370410489	-6.127750772
AT3G25780	2.459770883	13.55117059	4.523402496	2.02E-05	0.000137354	2.280816768
AT3G26100	-0.012570745	11.66596715	-0.054452158	0.956706723	0.975256696	-6.854097331
AT3G26470	-0.021324799	8.846638747	-0.131032862	0.896068681	0.937563687	-6.846987938
AT3G26744	-0.001785193	11.77871252	-0.016527497	0.986853516	0.99231718	-6.855444757
AT3G27710	0.295262973	8.234609291	1.762495096	0.081693608	0.167653017	-5.329543525
AT3G28210	2.742606535	11.90081205	5.429486816	5.58E-07	6.03E-06	5.735873425
AT3G28510	0.75630231	11.29497067	1.73886077	0.085793812	0.174272486	-5.369464542
AT3G28580	1.340407568	9.475623275	5.644068112	2.29E-07	2.77E-06	6.59924052
AT3G28610	-0.20601363	8.12728119	-1.341902586	0.183313476	0.313597636	-5.96403071
AT3G28740	0.188218126	8.747935474	0.791812692	0.430743304	0.58316241	-6.542946199
AT3G43440	1.404967939	10.10744405	8.814328239	1.62E-13	1.69E-11	20.41501559
AT3G44110	0.652719212	13.7746114	4.610506115	1.45E-05	0.000102581	2.597746975
AT3G44200	-1.321854732	9.86375174	-7.529890752	5.77E-11	2.38E-09	14.66792709
AT3G45140	-0.442051393	15.38495601	-1.253778605	0.213467766	0.351202431	-6.07620914
AT3G45580	-0.097214189	8.041972979	-0.790486366	0.431512836	0.583940435	-6.543988696
AT3G46160	0.136872312	7.706620873	0.982305071	0.328824861	0.48156672	-6.375414003
AT3G46690	1.537525583	9.458542422	5.042566437	2.68E-06	2.36E-05	4.219833314
AT3G46930	1.550846491	10.98890729	5.307782573	9.19E-07	9.37E-06	5.253102409
AT3G47510	-0.253397714	9.044592479	-1.785783836	0.077813059	0.161304823	-5.289718033
AT3G48090	0.072288597	12.13213085	0.293412424	0.7699446	0.85361875	-6.812510413
AT3G48640	0.614979253	10.57391398	2.112808683	0.037643293	0.089676266	-4.680148971
AT3G49590	0.228946497	10.71826273	1.434859746	0.155111561	0.276518897	-5.837814197
AT3G49850	-0.28120231	9.956206074	-2.5821302	0.011587893	0.033266454	-3.647677585
AT3G50480	0.95147318	13.90757189	3.118828744	0.0025016	0.009033601	-2.256050036
AT3G50800	0.429153428	11.70753416	3.30868357	0.001391304	0.005449188	-1.714033342
AT3G50850	0.064380053	8.406448883	0.532333958	0.595927172	0.724921758	-6.713978474
AT3G50950	-0.199059926	14.23705093	-0.971815181	0.333986468	0.486954424	-6.385555989
AT3G50970	1.536161747	12.52359934	2.331279603	0.022181592	0.057777214	-4.221981896
AT3G50980	0.196458518	9.079228926	1.868677039	0.065221037	0.140012534	-5.144054287
AT3G52430	2.4001888	14.5240943	5.603938469	2.70E-07	3.21E-06	6.436645954
AT3G52740	0.068264867	11.03356376	0.302577511	0.762974302	0.848941894	-6.809779169
AT3G54100	0.571795413	10.6801382	3.522671276	0.000699674	0.003021251	-1.074100283
AT3G54150	1.122038172	9.354782503	5.740525445	1.52E-07	1.94E-06	6.992098785
AT3G54420	0.138331888	12.57684974	0.346480271	0.729864966	0.826045795	-6.795533927
AT3G54610	-0.272102933	8.840410843	-2.720465047	0.007950142	0.024104808	-3.309688029
AT3G55270	0.516435962	10.50327549	2.860713326	0.005354795	0.01732234	-2.952087879
AT3G55470	1.054075008	11.50518552	4.902207018	4.68E-06	3.82E-05	3.684148549
AT3G55730	0.98299648	9.948010192	6.846457372	1.25E-09	3.08E-08	11.66690082
AT3G55840	0.325827603	11.62552166	1.918661349	0.05848973	0.128518256	-5.053289396
AT3G56020	0.32011133	11.28218353	1.921773049	0.058090854	0.127896972	-5.047566522
AT3G56200	1.178318608	10.71247881	4.310264541	4.49E-05	0.00027721	1.520790595
AT3G56400	1.539874994	13.86458627	3.597051662	0.000547536	0.002434014	-0.844737129
AT3G57260	0.0315015	13.33460788	0.030548948	0.975703125	0.98577718	-6.855114348
AT3G59350	0.754724665	14.17375627	1.898694464	0.061104699	0.13294528	-5.089809683
AT3G59790	-0.043967717	7.761906463	-0.384398605	0.70167323	0.806226408	-6.781684245
AT3G60120	1.005337157	8.391536146	3.453638348	0.000875957	0.003667514	-1.283814773
AT3G60240	-0.293623807	9.952349793	-2.380170285	0.019613134	0.051962124	-4.114034125
AT3G60550	-0.065592725	7.979160337	-0.510501968	0.611064675	0.737471848	-6.725336962
AT3G61680	0.075861417	8.574917499	0.658916798	0.51178622	0.655275452	-6.638828506
AT3G62720	0.640191342	10.43432056	2.530019604	0.01330946	0.037332513	-3.771122683
AT3G62770	0.8277897	10.25044512	4.074379247	0.000105608	0.000583375	0.706783493
AT3G63050	1.179373637	10.07404489	7.047935898	5.07E-10	1.47E-08	12.54497936
AT4G00416	0.023346017	8.22964521	0.174200042	0.862135504	0.915522528	-6.840394432
AT4G00660	0.387058749	11.29372234	3.888226326	0.000203558	0.001028907	0.085856758
AT4G00970	-0.641883791	9.202344607	-3.368663815	0.001150632	0.004619871	-1.537701897
AT4G01010	1.013909428	11.51854478	3.620753774	0.00050605	0.002277037	-0.770916786
AT4G01120	0.120448388	10.77701962	0.767954469	0.444709302	0.595745463	-6.561435757
AT4G01370	0.585735684	11.41136553	2.661788468	0.009342745	0.027659046	-3.454860804
AT4G01610	0.062209553	14.41170911	0.198218619	0.843362209	0.902744368	-6.835918832
AT4G01950	0.391189028	10.51457219	1.645172923	0.103743613	0.202108677	-5.522773982
AT4G02260	-1.468432838	11.49561472	-10.28652689	1.92E-16	6.99E-14	27.01021907
AT4G02280	1.130350838	9.040684876	6.671639867	2.71E-09	6.03E-08	10.91046388
AT4G03320	1.022388854	9.133523007	7.013101986	5.93E-10	1.66E-08	12.39272089
AT4G04450	-0.120539781	8.243356145	-1.048541378	0.297454832	0.447598159	-6.30892252
AT4G08500	0.329017241	10.01003551	2.535595176	0.013114845	0.036876206	-3.758017165
AT4G08850	-0.316860172	8.642823955	-3.095837488	0.00268171	0.009562889	-2.319988899
AT4G08930	-0.03210997	9.728373679	-0.295734092	0.768177092	0.852591038	-6.811826471
AT4G09320	0.017766195	14.01438517	0.076293559	0.939370477	0.964655281	-6.852667968
AT4G09600	-0.059087373	8.225747789	-0.465325828	0.642925543	0.761988183	-6.747339414
AT4G10610	0.43882175	10.55915912	4.402150792	3.19E-05	0.000205483	1.845689582
AT4G11000	-0.321970383	8.471270144	-2.454575612	0.016210453	0.044273115	-3.946022325
AT4G11170	1.140858414	8.947549928	3.835349559	0.000244462	0.001208897	-0.086903267
AT4G11570	0.428565698	14.88850144	1.830134785	0.070845514	0.149682767	-5.21253964
AT4G13000	0.143862024	8.661434845	1.297128687	0.198206875	0.332783222	-6.021939505
AT4G13070	-0.45871707	8.829565665	-3.065216891	0.002940352	0.010367995	-2.404564556
AT4G13180	0.900823568	12.9660082	3.22064269	0.001831386	0.006897979	-1.968463624
AT4G13830	-0.863779296	10.24181524	-4.490368784	2.29E-05	0.000153387	2.161563766
AT4G13870	0.104303276	9.268983145	1.407219449	0.163123025	0.28678568	-5.876185448
AT4G14270	-1.254747518	10.44971997	-5.559324938	3.26E-07	3.79E-06	6.256484517
AT4G15120	1.062559442	9.517037772	5.703556355	1.78E-07	2.22E-06	6.841193032
AT4G15430	-0.757111314	8.791300266	-5.256497772	1.13E-06	1.12E-05	5.051245928
AT4G16420	0.082832051	10.62360171	0.844627356	0.400764453	0.553962581	-6.500036402
AT4G16430	0.193203625	9.422354273	1.726885866	0.087935058	0.177708427	-5.389500509
AT4G16680	0.542418801	7.944947386	3.285312145	0.001497294	0.005818793	-1.782087705
AT4G16760	1.304280308	13.31610894	5.029246791	2.83E-06	2.47E-05	4.168655566
AT4G17880	-0.693259419	10.37222063	-2.780326815	0.006726931	0.020924626	-3.158870164
AT4G18170	2.009401845	12.43238459	5.427955251	5.61E-07	6.07E-06	5.729766097
AT4G19120	-1.110158003	11.06144929	-4.112589458	9.21E-05	0.000517453	0.836623855
AT4G19370	0.115388369	8.728721648	0.723321548	0.471530551	0.62027289	-6.594527263
AT4G19515	0.218318935	10.20380315	0.981646894	0.329147164	0.481950413	-6.376053478
AT4G19660	0.63571398	11.815149	3.124087753	0.002462017	0.008909344	-2.241372387
AT4G19810	1.634230241	9.345662046	4.72666502	9.29E-06	6.97E-05	3.025852473
AT4G19880	0.037752143	11.24449756	0.210248195	0.83399295	0.896960521	-6.833460488
AT4G20000	0.705565716	8.994523116	2.511984414	0.013956902	0.038929933	-3.813345906
AT4G20380	1.074568375	11.57065476	8.391350929	1.13E-12	8.27E-11	18.51456661
AT4G20860	1.60441459	11.4467629	3.838534329	0.000241791	0.001198407	-0.076544188
AT4G21160	0.517599838	11.77346774	3.247076129	0.001687175	0.006431601	-1.892627779
AT4G21326	-0.120551679	9.052711515	-1.000805435	0.319850661	0.472088698	-6.35726815
AT4G22820	0.609510027	12.1047558	3.20207731	0.001939479	0.007242536	-2.021439721
AT4G23610	-0.266417092	10.46253971	-1.836691946	0.069860975	0.148033146	-5.20098097
AT4G23750	0.127371505	9.283972142	1.001938467	0.319306397	0.471660602	-6.356146092
AT4G24440	0.366545345	12.05130941	2.839026064	0.005697123	0.018213471	-3.0083516
AT4G25390	1.061914918	8.952317589	6.658114927	2.88E-09	6.32E-08	10.85217
AT4G25470	-0.560974442	8.576431871	-2.468083773	0.015652716	0.042955382	-3.915041155
AT4G25490	-0.336955884	9.056458401	-1.733370297	0.086770184	0.175813758	-5.378666964
AT4G26070	-0.132302792	9.883440114	-0.730658484	0.467060118	0.616727212	-6.589221788
AT4G26090	0.530004888	10.77654503	2.3908586	0.019088176	0.050790224	-4.090175138
AT4G26120	1.359182926	9.324844942	6.845984927	1.25E-09	3.08E-08	11.66484943
AT4G26440	0.140395931	8.209338424	0.958829149	0.340449625	0.493675637	-6.397963925
AT4G26480	-0.191296247	7.969747616	-1.352481944	0.179920945	0.309228242	-5.950073091
AT4G26640	-0.407059325	12.19372271	-3.292513876	0.001463853	0.005701771	-1.761156563
AT4G27310	-0.134521644	9.237118627	-0.601778366	0.548973781	0.687766379	-6.674710803
AT4G27410	3.044057913	13.64139483	6.219789464	1.96E-08	3.31E-07	8.983040583
AT4G27654	-0.249524861	8.72470702	-2.464275005	0.015808209	0.043324813	-3.923791445
AT4G27670	-0.130186462	8.261806063	-1.075849243	0.285134478	0.433964829	-6.280280175
AT4G27940	0.174402671	9.938494873	0.814672059	0.417608228	0.570686584	-6.524708335
AT4G28370	0.117479671	8.957961533	1.243682985	0.217142669	0.35527048	-6.088593085
AT4G28910	0.828542755	12.17881582	5.934467921	6.70E-08	9.55E-07	7.790302637
AT4G29010	0.325195035	11.34131895	1.547672944	0.125533144	0.234624745	-5.673870519
AT4G29050	-0.558893479	8.734410377	-3.220518392	0.00183209	0.006899549	-1.968819096
AT4G29810	0.274389398	12.07565051	1.112795518	0.26903194	0.416189141	-6.24038985
AT4G29900	0.596032664	10.68977812	3.648063371	0.000461951	0.002103877	-0.685427408
AT4G29950	0.787415612	10.69357224	3.919313114	0.000182657	0.000936294	0.188181473
AT4G30430	0.28210478	8.737747133	1.693420616	0.094152582	0.187476246	-5.44481027
AT4G30630	0.091127082	9.198701466	0.809813114	0.420379907	0.57317795	-6.528627691
AT4G31000	-0.297111328	8.352135082	-1.794269595	0.076437634	0.159113992	-5.275086578
AT4G31860	0.210885843	12.13317008	1.528362702	0.130252109	0.241486664	-5.702764662
AT4G32250	2.312963948	12.41261224	6.19453503	2.19E-08	3.62E-07	8.876645673
AT4G32800	-2.312627773	11.41551357	-7.871409494	1.22E-11	6.32E-10	16.18697577
AT4G32940	-0.793832397	11.89675434	-2.883411468	0.005016851	0.016377176	-2.892827175
AT4G33420	-0.533964312	9.389581473	-2.061554816	0.042402176	0.098818874	-4.781808823
AT4G34110	0.692176658	14.93421405	3.625692024	0.000497791	0.002246196	-0.755492487
AT4G34370	0.507563411	9.795815306	4.791426719	7.23E-06	5.60E-05	3.267159238
AT4G34588	2.146328935	11.34826202	7.764922223	1.98E-11	9.57E-10	15.71228427
AT4G34790	-0.122451813	8.859967319	-1.143151205	0.256286055	0.401844466	-6.206637927
AT4G35030	-0.003291671	8.304340433	-0.036255687	0.971166167	0.983057663	-6.854923518
AT4G35090	-2.008377741	13.57016231	-9.2133714	2.60E-14	3.80E-12	22.20881627
AT4G36040	2.017475035	11.82024971	5.167976595	1.62E-06	1.51E-05	4.705105976
AT4G36450	-0.03919235	8.281058102	-0.198635481	0.843037149	0.902641038	-6.835836063
AT4G36470	-0.608727663	8.776132673	-3.969911661	0.000152963	0.00080368	0.355914957
AT4G36670	0.231664728	13.43794103	0.579563694	0.563790027	0.699161468	-6.687791112
AT4G36730	-0.10933979	11.07195763	-1.043059995	0.299970876	0.450172255	-6.314585411
AT4G37080	-1.251925868	9.12609731	-6.247340707	1.74E-08	2.98E-07	9.099284707
AT4G37230	-0.370278831	8.332035614	-3.086721963	0.002756403	0.009805907	-2.345235925
AT4G37290	1.274403286	8.892555641	4.221362547	6.21E-05	0.000366713	1.210549671
AT4G37900	0.987935297	9.970634189	5.088155403	2.24E-06	2.01E-05	4.395530692
AT4G38060	0.655455063	9.957911336	3.51874535	0.000708725	0.003052636	-1.086108914
AT4G38130	0.438488767	13.40269584	2.828136201	0.005876493	0.018657534	-3.036471048
AT4G38540	1.452882813	11.03656797	5.499174248	4.18E-07	4.72E-06	6.014601918
AT4G38560	0.602572552	9.296308654	2.106229485	0.038227068	0.090786459	-4.693323883
AT4G39140	1.055918234	10.61024949	6.352418219	1.10E-08	2.02E-07	9.544239736
AT4G39850	0.70712966	10.9894526	3.869787689	0.000217016	0.001088441	0.025428579
AT5G01100	0.49820487	10.63286731	1.470880672	0.145131751	0.262799442	-5.786744591
AT5G01300	0.049619301	8.119849899	0.481678717	0.63131095	0.753097985	-6.739608848
AT5G01520	-0.281527688	10.17150889	-0.979662296	0.330120265	0.482962301	-6.377979152
AT5G01560	-0.768569893	9.756100111	-5.276481179	1.04E-06	1.04E-05	5.129786895
AT5G01670	0.161902156	8.742934381	0.924144102	0.358109544	0.511365668	-6.430304329
AT5G01900	0.267575168	9.93961817	0.799113751	0.426521778	0.578918254	-6.537176735
AT5G02280	-0.136164207	10.49777729	-0.923581998	0.358400492	0.511610532	-6.430818833
AT5G02290	0.144484891	13.03522228	0.818787973	0.415268994	0.568537426	-6.521370283
AT5G02780	1.270771768	9.955298548	3.413164981	0.000998007	0.004097658	-1.405332285
AT5G02880	-0.461571438	10.79282147	-1.750637324	0.083730061	0.170983347	-5.349635107
AT5G02890	-1.264837373	10.94392329	-3.482024855	0.000798915	0.003389344	-1.197951403
AT5G03000	0.016232147	8.093742332	0.154206752	0.877823762	0.926111022	-6.843679998
AT5G03160	-0.21581666	9.887014507	-0.969154859	0.335303908	0.488447449	-6.388111169
AT5G03720	-0.350184138	8.731307298	-1.802617861	0.075104255	0.156975368	-5.260629664
AT5G05270	-0.286423501	8.421432614	-0.993990016	0.323137544	0.475665467	-6.363991416
AT5G06310	-0.048441093	8.398567617	-0.450675607	0.653406951	0.76963624	-6.754039523
AT5G06660	0.130281601	9.329329708	1.445100123	0.152221867	0.272870274	-5.823417976
AT5G06740	-0.063154024	8.299264645	-0.316141409	0.752694558	0.8422057	-6.80558326
AT5G06950	-0.130142409	8.481769487	-1.081063919	0.282822333	0.431376932	-6.274729262
AT5G06960	0.581284734	10.15455586	4.027804349	0.000124659	0.000673709	0.549604293
AT5G07100	0.00175999	8.959849502	0.0125741	0.989997977	0.99406347	-6.855502346
AT5G07250	-0.223700547	9.611351856	-2.301263049	0.023902225	0.061451145	-4.287285424
AT5G07970	0.14517749	10.2195513	1.277006798	0.205186441	0.340947332	-6.047350335
AT5G08750	0.771046932	9.287815378	5.264403158	1.10E-06	1.09E-05	5.082299111
AT5G10030	-0.102872901	8.386291669	-0.818913837	0.415197586	0.568472126	-6.521267945
AT5G10100	-0.023363529	7.989596171	-0.150105193	0.88104842	0.928372377	-6.844304599
AT5G10320	-0.365156428	8.589072551	-2.948076661	0.004158799	0.013938635	-2.721914311
AT5G10470	-1.186132692	9.423663546	-7.080399933	4.39E-10	1.30E-08	12.68703838
AT5G10740	-0.379820983	10.5367258	-2.55861182	0.012338296	0.035072125	-3.703655658
AT5G11260	0.627266058	11.57389673	3.199697377	0.00195376	0.007291319	-2.028213657
AT5G11440	0.064900455	8.995899226	0.639003701	0.524592759	0.666635146	-6.651699327
AT5G12880	1.086601741	9.281647707	3.901838554	0.000194139	0.000988172	0.130593932
AT5G12890	0.766753722	12.60668762	3.655104591	0.000451187	0.002061906	-0.663310838
AT5G13080	3.82279314	11.6205273	5.955847198	6.11E-08	8.82E-07	7.878939753
AT5G13220	3.201441295	12.15729951	7.41277498	9.81E-11	3.68E-09	14.14951824
AT5G13700	-0.010986262	9.216678137	-0.088098891	0.930011823	0.958642336	-6.851696604
AT5G14930	0.664712588	12.55694631	2.06410911	0.042153287	0.098315292	-4.776795655
AT5G14990	0.139794908	8.30909664	1.359856609	0.177584326	0.306207097	-5.940281522
AT5G15640	1.040080685	11.99962353	4.260067181	5.39E-05	0.000324493	1.345113373
AT5G15970	0.009685753	15.7590029	0.037496302	0.970179977	0.982222901	-6.854877719
AT5G16200	0.13767121	9.591746024	1.035692426	0.303375414	0.454002632	-6.322151412
AT5G16280	-0.713855025	11.03177063	-4.291866592	4.80E-05	0.000293764	1.45625216
AT5G17490	0.697611482	8.988020723	2.461585069	0.015918858	0.043560094	-3.929964312
AT5G17760	1.780962665	11.41573557	7.48816101	6.98E-11	2.78E-09	14.48304705
AT5G18270	1.878088428	10.18953619	5.395938736	6.41E-07	6.83E-06	5.602280203
AT5G20830	1.754024868	11.97181017	4.657938924	1.21E-05	8.75E-05	2.771819379
AT5G20900	0.19845681	12.49348941	1.231491594	0.221641957	0.360956748	-6.103419329
AT5G22060	1.160373793	13.04250231	5.690063667	1.89E-07	2.33E-06	6.786219775
AT5G22530	1.838978289	9.782317955	6.89944771	9.85E-10	2.54E-08	11.89722175
AT5G22570	0.275376034	10.13206036	0.70341402	0.483780507	0.630801135	-6.608656389
AT5G22670	-0.207367703	7.908363449	-1.393784753	0.167130044	0.292124211	-5.894579225
AT5G22690	-0.173123828	9.071221774	-0.939161016	0.350392792	0.503540081	-6.416445643
AT5G23090	0.151880081	9.347878949	1.600829464	0.113241654	0.216512912	-5.592567917
AT5G23760	-0.80136141	10.02629408	-5.060776677	2.50E-06	2.22E-05	4.289916207
AT5G24110	0.458060915	9.034952059	1.371419106	0.173967239	0.301198137	-5.924827241
AT5G24770	-0.041013587	8.113625555	-0.341614339	0.733510756	0.828812333	-6.79720749
AT5G25560	-0.615811659	10.24691522	-2.414906567	0.017952535	0.048277519	-4.036154899
AT5G25610	-0.4656612	15.53134878	-1.973329561	0.0518099	0.11644235	-4.951516732
AT5G28040	0.07075181	11.36854731	0.388209393	0.698862181	0.80422992	-6.780213161
AT5G28610	0.17345871	12.07873787	1.623450865	0.108312572	0.208871107	-5.557186529
AT5G35320	0.856352142	10.94474493	5.836900059	1.01E-07	1.37E-06	7.387399299
AT5G37340	0.388034902	8.813006433	0.935840605	0.352089742	0.505267536	-6.419528785
AT5G37490	0.291658247	8.536577973	1.49884073	0.137736238	0.252350054	-5.74627608
AT5G38120	-0.299947721	8.43603379	-2.557083037	0.012388559	0.035177464	-3.707279363
AT5G38410	-1.765058418	15.37429838	-6.174603273	2.39E-08	3.89E-07	8.792783174
AT5G38895	1.420691604	10.86021599	7.384516998	1.12E-10	4.08E-09	14.02465693
AT5G39820	0.414969939	8.933161832	3.611708359	0.000521518	0.002335662	-0.799130161
AT5G40400	-0.266062341	8.516748437	-2.621019344	0.010437097	0.030433695	-3.55416234
AT5G40440	0.224490028	10.0754152	2.005505417	0.048190823	0.109823976	-4.890402427
AT5G41280	0.087964296	8.449466849	0.715319962	0.476433228	0.624574774	-6.600253092
AT5G41440	-0.161111316	8.321600653	-0.895769866	0.372984928	0.52615126	-6.455892684
AT5G41570	-0.217935683	8.326059401	-1.015885571	0.312657342	0.464443096	-6.342232639
AT5G42010	1.206316887	10.3329382	3.745082935	0.000333013	0.001578421	-0.378014173
AT5G42020	-0.318797963	10.88311628	-0.962169963	0.338779153	0.492146363	-6.394787422
AT5G42650	0.242154545	15.426217	0.813302327	0.41838845	0.571405953	-6.525815533
AT5G42830	0.27127012	11.76461198	0.524082443	0.601628011	0.729672177	-6.718327006
AT5G43170	0.813889807	8.341571596	5.086610008	2.25E-06	2.02E-05	4.389561439
AT5G43180	0.432590575	8.420189505	2.450800556	0.016369468	0.044626067	-3.954654271
AT5G43260	1.16399054	13.38423887	6.720721873	2.18E-09	4.99E-08	11.12229522
AT5G44990	0.008721655	8.326903509	0.068207502	0.945785686	0.968613184	-6.853252809
AT5G45110	2.11106167	12.00707335	9.312625521	1.65E-14	2.70E-12	22.65467903
AT5G45630	-0.648393088	8.922236072	-4.040660571	0.000119094	0.000647427	0.592871054
AT5G45850	0.161521938	8.041472484	1.250584512	0.214625472	0.352590021	-6.080137643
AT5G45890	-0.168760136	8.363787571	-1.686386726	0.095504037	0.18950619	-5.456307309
AT5G46760	0.76250337	13.16953998	3.656162616	0.00044959	0.002056177	-0.659984921
AT5G46780	0.709768745	10.58277258	3.31953428	0.001344528	0.005288548	-1.682312509
AT5G47220	0.224624493	12.7719938	0.600089472	0.550093296	0.688521284	-6.675722376
AT5G47590	-0.074040367	9.00467854	-0.430043111	0.668286808	0.781575098	-6.763113851
AT5G47720	-0.597259409	9.471018765	-5.462287345	4.87E-07	5.39E-06	5.866861706
AT5G47850	-0.16870989	9.25930981	-0.864003775	0.390093794	0.543001138	-6.483611308
AT5G48150	-0.641897306	10.82033244	-3.108629975	0.002580059	0.009276294	-2.284458875
AT5G48160	0.719665938	12.83194463	4.070587795	0.000107048	0.000589833	0.693943497
AT5G48370	-0.050874388	10.19205519	-0.305582579	0.760693088	0.84734553	-6.808865397
AT5G48530	-0.563365086	8.461847601	-3.059036981	0.002995286	0.010533811	-2.42155301
AT5G48880	-0.395831441	10.08648764	-1.604180871	0.112500241	0.2153186	-5.587355492
AT5G49280	1.885840714	10.66537047	8.455349255	8.43E-13	6.69E-11	18.80186898
AT5G49690	0.864189688	8.218912785	5.443117597	5.27E-07	5.76E-06	5.790263324
AT5G49720	-0.465623325	10.84754458	-2.831155118	0.005826255	0.018537311	-3.028684582
AT5G51070	1.738470945	13.77849335	4.921495787	4.34E-06	3.59E-05	3.757284843
AT5G51770	0.522026985	10.73158922	3.189687427	0.002014905	0.007484558	-2.056661861
AT5G51850	-0.273170263	8.563843007	-1.292758624	0.199707465	0.334366	-6.027490637
AT5G52020	-0.173117715	8.156590597	-1.5874982	0.116229737	0.220817158	-5.613200573
AT5G52300	-0.326931983	8.547132243	-2.261212406	0.026381076	0.06682091	-4.373260493
AT5G52310	-0.290554715	11.94632481	-0.629914335	0.530493408	0.671278843	-6.657444269
AT5G52660	0.411920451	9.802481619	3.039869789	0.003171788	0.011065259	-2.474069999
AT5G52720	2.052008236	9.411265565	9.504801455	6.82E-15	1.32E-12	23.51726481
AT5G52760	0.826522896	10.41920209	3.323898281	0.001326135	0.005230878	-1.669532545
AT5G53050	0.037702068	9.778641255	0.187083893	0.852054707	0.908274711	-6.838065385
AT5G53110	0.12354924	9.286281535	0.650482837	0.517189927	0.66022957	-6.644327508
AT5G53310	0.63984914	11.98101126	4.942584781	3.99E-06	3.34E-05	3.837424017
AT5G53350	-0.61986058	12.49785294	-3.425509089	0.00095918	0.00396172	-1.368383674
AT5G53370	-0.610344734	9.766286811	-3.636779017	0.000479711	0.002175259	-0.720807786
AT5G54080	0.70031797	10.36561839	4.968041626	3.61E-06	3.06E-05	3.93440564
AT5G54170	0.92875992	14.14192827	2.253528795	0.026881692	0.067838073	-4.389602524
AT5G54410	0.080014653	8.036518916	0.717708243	0.474966926	0.623083835	-6.598550654
AT5G54430	0.359337731	13.0428529	2.689179251	0.008667181	0.026005881	-3.387422342
AT5G54720	0.161667984	9.558076869	0.895245652	0.373263368	0.526482085	-6.456358071
AT5G54730	0.623222076	8.952218517	6.190448431	2.23E-08	3.67E-07	8.85944355
AT5G54860	0.183047293	11.17035355	0.757411363	0.450963841	0.601703424	-6.569428801
AT5G54870	0.752788847	10.96264242	3.791293354	0.000284429	0.001376473	-0.229590684
AT5G55490	-0.114821641	7.974873542	-1.134063594	0.260056209	0.406043567	-6.216834588
AT5G55620	-0.774469285	9.111736427	-3.785384295	0.000290241	0.001400049	-0.248641191
AT5G55760	0.041487147	9.486787127	0.383511124	0.702328484	0.806687243	-6.782024765
AT5G56150	0.819927995	13.42395365	4.771761925	7.80E-06	5.99E-05	3.193691679
AT5G56160	-0.178239591	8.828609918	-1.31818769	0.191093248	0.323581687	-5.994937148
AT5G56580	-0.365892808	10.78598948	-3.736306314	0.000343093	0.0016182	-0.406058985
AT5G57220	0.791871211	9.283647233	2.575147525	0.011806269	0.033790878	-3.664343055
AT5G57510	3.175910596	10.02339278	9.501391506	6.93E-15	1.33E-12	23.50196871
AT5G57610	-0.009911428	9.583393062	-0.047681926	0.962085111	0.977828915	-6.854443444
AT5G58320	0.773193879	9.372048128	4.732762412	9.08E-06	6.83E-05	3.048492738
AT5G59305	0.069677	8.295339126	0.641367161	0.52306407	0.665283994	-6.650192151
AT5G59430	0.733258592	10.50447609	4.27891068	5.03E-05	0.000306136	1.410908272
AT5G59930	-0.27502206	8.196872746	-1.792661862	0.076696664	0.159550542	-5.277863612
AT5G60040	0.140684051	8.440599788	1.169235238	0.245679899	0.389715891	-6.176933104
AT5G60650	0.182840164	8.362870635	1.148927437	0.253909871	0.399035298	-6.200115798
AT5G61270	-0.612327472	8.553644001	-4.45293326	2.64E-05	0.000173876	2.027056823
AT5G62020	2.325641897	11.32465562	10.84778706	1.52E-17	7.58E-15	29.49454697
AT5G62180	0.155120338	8.818796619	1.220336187	0.225818162	0.366091738	-6.116862383
AT5G62490	-0.079556827	9.198316812	-0.66698146	0.506647321	0.650649238	-6.63350474
AT5G62520	1.402370963	11.06370925	5.349217069	7.76E-07	8.09E-06	5.416878768
AT5G62600	-0.157192769	9.60867699	-1.782011205	0.078431108	0.162361401	-5.296202348
AT5G62770	-0.183551683	9.065389826	-0.897901957	0.371853801	0.525049946	-6.453997104
AT5G63110	0.064096827	9.51106516	0.824221257	0.41219315	0.565468383	-6.51693849
AT5G63450	0.668399122	9.301302231	4.547646601	1.85E-05	0.000126772	2.368670687
AT5G63830	0.167234198	10.49214977	1.240540571	0.218295942	0.356719167	-6.092428105
AT5G64370	1.13040684	12.69165001	6.786550695	1.63E-09	3.86E-08	11.40708214
AT5G64450	0.032947677	8.315070436	0.213748695	0.831271018	0.89503689	-6.832717963
AT5G64500	0.132506205	12.88830437	1.069816991	0.287825327	0.436895302	-6.286668833
AT5G64890	1.209483368	8.909311469	4.430114099	2.87E-05	0.000187571	1.945402168
AT5G64905	0.201752278	10.42389476	1.397133411	0.166124298	0.290705395	-5.890010228
AT5G65210	1.451626373	11.5047623	6.813556723	1.44E-09	3.50E-08	11.52413339
AT5G65600	0.201312244	9.262945704	1.252692351	0.213860965	0.351701384	-6.077546236
AT5G66000	-0.229825447	8.626949971	-3.619119132	0.000508813	0.00228775	-0.77601914
AT5G66930	0.380988188	9.652542961	2.701346978	0.00838159	0.025251723	-3.357279011
AT5G67080	3.80990762	10.5414731	9.965719257	8.29E-16	2.26E-13	25.58055012
AT5G67340	1.793508394	10.52325926	5.668655785	2.06E-07	2.53E-06	6.699112038
AT5G67580	-0.351650726	9.636566572	-3.912289447	0.000187192	0.000957487	0.165013808
